﻿{"cameraMode":{"drawMode":0,"name":"Shaded","section":"Shading Mode"},"sceneLighting":true,"audioPlay":false,"sceneViewState":{"showFog":true,"showMaterialUpdate":true,"showSkybox":true,"showFlares":true,"showImageEffects":true,"showParticleSystems":true},"in2DMode":false,"pivot":{"x":3.2693774700164797,"y":0.3818635940551758,"z":-3.8212597370147707},"rotation":{"x":-0.22144436836242677,"y":0.695125937461853,"z":-0.6402188539505005,"w":-0.2405872941017151},"size":12.515233039855957,"orthographic":false}